<?xml version="1.0" encoding="UTF-8"?>
<project-private xmlns="http://www.netbeans.org/ns/project-private/1">
    <editor-bookmarks xmlns="http://www.netbeans.org/ns/editor-bookmarks/2" lastBookmarkId="0"/>
    <open-files xmlns="http://www.netbeans.org/ns/projectui-open-files/2">
        <group>
            <file>file:/D:/download/SOFTWERE/CODE/Java/library/src/model/Book.java</file>
            <file>file:/D:/download/SOFTWERE/CODE/Java/library/src/view/Menu.java</file>
            <file>file:/D:/download/SOFTWERE/CODE/Java/library/src/controller/Library.java</file>
            <file>file:/D:/download/SOFTWERE/CODE/Java/library/src/Resource/lib.txt</file>
        </group>
    </open-files>
</project-private>
